{"cameraMode":{"drawMode":0,"name":"Shaded","section":"Shading Mode"},"sceneLighting":true,"audioPlay":false,"sceneViewState":{"showFog":true,"showMaterialUpdate":true,"showSkybox":true,"showFlares":true,"showImageEffects":true,"showParticleSystems":true},"in2DMode":false,"pivot":{"x":19.800933837890626,"y":3.304988145828247,"z":40.6092529296875},"rotation":{"x":-0.011954891495406628,"y":0.9328200221061707,"z":-0.03108372911810875,"w":-0.3588049113750458},"size":1.521796464920044,"orthographic":false}