{"cameraMode":{"drawMode":0,"name":"Shaded","section":"Shading Mode"},"sceneLighting":true,"audioPlay":false,"sceneViewState":{"showFog":true,"showMaterialUpdate":true,"showSkybox":true,"showFlares":true,"showImageEffects":true,"showParticleSystems":true},"in2DMode":false,"pivot":{"x":15.167522430419922,"y":2.362753391265869,"z":35.286834716796878},"rotation":{"x":-0.011954891495406628,"y":0.9328200221061707,"z":-0.03108372911810875,"w":-0.3588049113750458},"size":4.796469211578369,"orthographic":false}