{"cameraMode":{"drawMode":0,"name":"Shaded","section":"Shading Mode"},"sceneLighting":true,"audioPlay":false,"sceneViewState":{"showFog":true,"showMaterialUpdate":false,"showSkybox":true,"showFlares":true,"showImageEffects":true,"showParticleSystems":true},"in2DMode":false,"pivot":{"x":3.5032074451446535,"y":6.659466743469238,"z":13.961204528808594},"rotation":{"x":-0.044042401015758517,"y":0.9218606948852539,"z":-0.1100442185997963,"w":-0.36895066499710085},"size":7.1873931884765629,"orthographic":false}