{"cameraMode":{"drawMode":0,"name":"Shaded","section":"Shading Mode"},"sceneLighting":true,"audioPlay":false,"sceneViewState":{"showFog":true,"showMaterialUpdate":false,"showSkybox":true,"showFlares":true,"showImageEffects":true,"showParticleSystems":true},"in2DMode":false,"pivot":{"x":0.25830668210983279,"y":1.2859165668487549,"z":9.17234992980957},"rotation":{"x":-0.044042401015758517,"y":0.9218606948852539,"z":-0.1100442185997963,"w":-0.36895066499710085},"size":1.3044016361236573,"orthographic":false}