{"cameraMode":{"drawMode":0,"name":"Shaded","section":"Shading Mode"},"sceneLighting":false,"audioPlay":false,"sceneViewState":{"showFog":true,"showMaterialUpdate":false,"showSkybox":false,"showFlares":true,"showImageEffects":true,"showParticleSystems":true},"in2DMode":false,"pivot":{"x":3.342339515686035,"y":3.219437599182129,"z":-44.5546875},"rotation":{"x":-0.08748786896467209,"y":0.8990306258201599,"z":-0.2103215456008911,"w":-0.3739715814590454},"size":3.007570505142212,"orthographic":false}